Type,Name,Request Count,Failure Count,Median Response Time,Average Response Time,Min Response Time,Max Response Time,Average Content Size,Requests/s,Failures/s,50%,66%,75%,80%,90%,95%,98%,99%,99.9%,99.99%,100%
GET,GET /api/health,4945,0,3,4.290206886349898,0.7177499999997394,47.90883400000023,15.0,41.449259125158925,0.0,3,4,4,5,9,14,21,24,35,48,48
GET,GET /api/policies/{id},3539,0,45,47.10361580079129,40.19012499999519,318.07954199999955,394.0,29.664090605447406,0.0,45,47,49,50,55,59,66,70,81,320,320
GET,GET /api/telemetry-events,1294,0,120.0,149.06606333462162,100.82462500000133,564.3144169999985,287939.0,10.846378424257967,0.0,120,140,160,180,270,280,290,300,520,560,560
GET,GET /api/vehicles/{id},2401,0,45,47.1744861311952,40.556417000004785,89.2964169999999,293.0,20.125312671285453,0.0,45,47,49,50,56,60,66,68,82,89,89
,Aggregated,12179,0,43,40.56755041694724,0.7177499999997394,564.3144169999985,30771.418014615323,102.08504082614975,0.0,43,45,48,50,110,120,190,270,300,520,560
