Type,Name,Request Count,Failure Count,Median Response Time,Average Response Time,Min Response Time,Max Response Time,Average Content Size,Requests/s,Failures/s,50%,66%,75%,80%,90%,95%,98%,99%,99.9%,99.99%,100%
GET,GET /api/health,4858,0,3,3.2171232223137785,0.7187500000043201,29.591124999999995,15.0,40.73451559573736,0.0,3,3,4,4,5,6,11,16,27,30,30
GET,GET /api/policies/{id},3721,0,45,45.463093168234316,40.19274999999922,117.9097500000097,394.0,31.200727157624275,0.0,45,46,46,47,49,52,58,61,98,120,120
GET,GET /api/telemetry-events,1236,0,120.0,143.45737702184445,100.68599999999606,325.7792089999999,287939.0,10.363907220323464,0.0,120,130,150,180,270,270,280,280,320,330,330
GET,GET /api/vehicles/{id},2430,0,45,45.632348808642114,40.63687499999702,115.70587500000329,293.0,20.375642836072828,0.0,45,46,47,47,50,53,58,60,100,120,120
,Aggregated,12245,0,43,38.62775662694966,0.7187500000043201,325.7792089999999,29248.145202123316,102.67479280975793,0.0,43,45,46,47,100,120,190,270,280,320,330
